[{"model": "admin.logentry", "pk": 1, "fields": {"action_time": "2021-02-17T22:59:30.646Z", "user": 1, "content_type": 7, "object_id": "1", "object_repr": "soundemporium-MS4.com", "action_flag": 2, "change_message": "[{\"changed\": {\"fields\": [\"Domain name\", \"Display name\"]}}]"}}, {"model": "admin.logentry", "pk": 2, "fields": {"action_time": "2021-02-17T23:18:31.170Z", "user": 1, "content_type": 8, "object_id": "1", "object_repr": "mattingliscoding@gmail.com", "action_flag": 1, "change_message": "[{\"added\": {}}]"}}, {"model": "admin.logentry", "pk": 3, "fields": {"action_time": "2021-02-18T02:35:32.892Z", "user": 1, "content_type": 14, "object_id": "1", "object_repr": "all_guitar", "action_flag": 1, "change_message": "[{\"added\": {}}]"}}, {"model": "admin.logentry", "pk": 4, "fields": {"action_time": "2021-02-18T02:36:05.212Z", "user": 1, "content_type": 14, "object_id": "2", "object_repr": "electric_guitar", "action_flag": 1, "change_message": "[{\"added\": {}}]"}}, {"model": "admin.logentry", "pk": 5, "fields": {"action_time": "2021-02-18T02:36:19.396Z", "user": 1, "content_type": 14, "object_id": "3", "object_repr": "acoustic_guitar", "action_flag": 1, "change_message": "[{\"added\": {}}]"}}, {"model": "admin.logentry", "pk": 6, "fields": {"action_time": "2021-02-18T02:36:30.629Z", "user": 1, "content_type": 14, "object_id": "4", "object_repr": "bass_guitar", "action_flag": 1, "change_message": "[{\"added\": {}}]"}}, {"model": "admin.logentry", "pk": 7, "fields": {"action_time": "2021-02-18T02:36:43.520Z", "user": 1, "content_type": 14, "object_id": "5", "object_repr": "guitar_equipment", "action_flag": 1, "change_message": "[{\"added\": {}}]"}}, {"model": "admin.logentry", "pk": 8, "fields": {"action_time": "2021-02-18T02:37:10.057Z", "user": 1, "content_type": 14, "object_id": "6", "object_repr": "full_kits", "action_flag": 1, "change_message": "[{\"added\": {}}]"}}, {"model": "admin.logentry", "pk": 9, "fields": {"action_time": "2021-02-18T02:37:20.627Z", "user": 1, "content_type": 14, "object_id": "7", "object_repr": "individual_drums", "action_flag": 1, "change_message": "[{\"added\": {}}]"}}, {"model": "admin.logentry", "pk": 10, "fields": {"action_time": "2021-02-18T02:37:40.985Z", "user": 1, "content_type": 14, "object_id": "8", "object_repr": "drum_equipment", "action_flag": 1, "change_message": "[{\"added\": {}}]"}}, {"model": "admin.logentry", "pk": 11, "fields": {"action_time": "2021-02-18T02:38:02.791Z", "user": 1, "content_type": 14, "object_id": "9", "object_repr": "all_drum", "action_flag": 1, "change_message": "[{\"added\": {}}]"}}, {"model": "admin.logentry", "pk": 12, "fields": {"action_time": "2021-02-18T02:38:26.286Z", "user": 1, "content_type": 14, "object_id": "10", "object_repr": "all_studio", "action_flag": 1, "change_message": "[{\"added\": {}}]"}}, {"model": "admin.logentry", "pk": 13, "fields": {"action_time": "2021-02-18T02:38:38.535Z", "user": 1, "content_type": 14, "object_id": "11", "object_repr": "monitors", "action_flag": 1, "change_message": "[{\"added\": {}}]"}}, {"model": "admin.logentry", "pk": 14, "fields": {"action_time": "2021-02-18T02:38:43.923Z", "user": 1, "content_type": 14, "object_id": "12", "object_repr": "hardware", "action_flag": 1, "change_message": "[{\"added\": {}}]"}}, {"model": "admin.logentry", "pk": 15, "fields": {"action_time": "2021-02-18T02:38:49.747Z", "user": 1, "content_type": 14, "object_id": "13", "object_repr": "software", "action_flag": 1, "change_message": "[{\"added\": {}}]"}}, {"model": "admin.logentry", "pk": 16, "fields": {"action_time": "2021-02-18T02:39:32.405Z", "user": 1, "content_type": 14, "object_id": "14", "object_repr": "all_specials", "action_flag": 1, "change_message": "[{\"added\": {}}]"}}, {"model": "admin.logentry", "pk": 17, "fields": {"action_time": "2021-02-18T02:39:49.910Z", "user": 1, "content_type": 14, "object_id": "15", "object_repr": "deals", "action_flag": 1, "change_message": "[{\"added\": {}}]"}}, {"model": "admin.logentry", "pk": 18, "fields": {"action_time": "2021-02-18T02:40:00.258Z", "user": 1, "content_type": 14, "object_id": "16", "object_repr": "new_arrivals", "action_flag": 1, "change_message": "[{\"added\": {}}]"}}, {"model": "admin.logentry", "pk": 19, "fields": {"action_time": "2021-02-18T02:40:05.486Z", "user": 1, "content_type": 14, "object_id": "17", "object_repr": "clearance", "action_flag": 1, "change_message": "[{\"added\": {}}]"}}, {"model": "admin.logentry", "pk": 20, "fields": {"action_time": "2021-02-18T02:45:46.880Z", "user": 1, "content_type": 13, "object_id": "1", "object_repr": "Fender Deluxe Roadhouse Stratocaster, Classic Copper", "action_flag": 1, "change_message": "[{\"added\": {}}]"}}, {"model": "admin.logentry", "pk": 21, "fields": {"action_time": "2021-02-18T02:47:09.781Z", "user": 1, "content_type": 13, "object_id": "2", "object_repr": "Gibson ES-335 Figured, Antique Natural", "action_flag": 1, "change_message": "[{\"added\": {}}]"}}, {"model": "admin.logentry", "pk": 22, "fields": {"action_time": "2021-02-18T02:47:46.717Z", "user": 1, "content_type": 13, "object_id": "2", "object_repr": "Gibson ES-335 Figured, Antique Natural", "action_flag": 2, "change_message": "[{\"changed\": {\"fields\": [\"Category\"]}}]"}}, {"model": "admin.logentry", "pk": 23, "fields": {"action_time": "2021-02-18T02:47:50.307Z", "user": 1, "content_type": 13, "object_id": "1", "object_repr": "Fender Deluxe Roadhouse Stratocaster, Classic Copper", "action_flag": 2, "change_message": "[]"}}, {"model": "admin.logentry", "pk": 24, "fields": {"action_time": "2021-02-18T02:49:09.941Z", "user": 1, "content_type": 13, "object_id": "3", "object_repr": "Martin GPC-X2E Macassar", "action_flag": 1, "change_message": "[{\"added\": {}}]"}}, {"model": "admin.logentry", "pk": 25, "fields": {"action_time": "2021-02-18T02:50:20.562Z", "user": 1, "content_type": 13, "object_id": "4", "object_repr": "Taylor Big Baby Acoustic, Natural", "action_flag": 1, "change_message": "[{\"added\": {}}]"}}, {"model": "admin.logentry", "pk": 26, "fields": {"action_time": "2021-02-18T02:51:54.643Z", "user": 1, "content_type": 13, "object_id": "5", "object_repr": "Fender 75th Anniversary Precision Bass", "action_flag": 1, "change_message": "[{\"added\": {}}]"}}, {"model": "admin.logentry", "pk": 27, "fields": {"action_time": "2021-02-18T02:52:58.386Z", "user": 1, "content_type": 13, "object_id": "6", "object_repr": "Music Man Bongo 6 HH Bass, Stealth Black", "action_flag": 1, "change_message": "[{\"added\": {}}]"}}, {"model": "admin.logentry", "pk": 28, "fields": {"action_time": "2021-02-18T02:54:24.733Z", "user": 1, "content_type": 13, "object_id": "7", "object_repr": "Dunlop Cotton Strap, Black", "action_flag": 1, "change_message": "[{\"added\": {}}]"}}, {"model": "admin.logentry", "pk": 29, "fields": {"action_time": "2021-02-18T02:57:09.034Z", "user": 1, "content_type": 13, "object_id": "8", "object_repr": "Kinsman Hardshell Guitar Case, Brown", "action_flag": 1, "change_message": "[{\"added\": {}}]"}}, {"model": "admin.logentry", "pk": 30, "fields": {"action_time": "2021-02-18T02:58:05.926Z", "user": 1, "content_type": 13, "object_id": "9", "object_repr": "Ernie Ball Regular Slinky Nickel Guitar Strings 10-46", "action_flag": 1, "change_message": "[{\"added\": {}}]"}}, {"model": "admin.logentry", "pk": 31, "fields": {"action_time": "2021-02-18T02:59:10.785Z", "user": 1, "content_type": 13, "object_id": "10", "object_repr": "Planet Waves Classic Series 1/4\" Instrument Cable, Right Angle, 20ft", "action_flag": 1, "change_message": "[{\"added\": {}}]"}}, {"model": "admin.logentry", "pk": 32, "fields": {"action_time": "2021-02-18T03:00:47.929Z", "user": 1, "content_type": 13, "object_id": "11", "object_repr": "Pearl Export EXX 22'' 6pc Drum Kit, High Voltage Blue", "action_flag": 1, "change_message": "[{\"added\": {}}]"}}, {"model": "admin.logentry", "pk": 33, "fields": {"action_time": "2021-02-18T03:03:08.617Z", "user": 1, "content_type": 13, "object_id": "12", "object_repr": "Mapex Tornado III 22'' Rock Drum Kit, Burgundy w/ Extra Crash", "action_flag": 1, "change_message": "[{\"added\": {}}]"}}, {"model": "admin.logentry", "pk": 34, "fields": {"action_time": "2021-02-18T21:48:39.486Z", "user": 1, "content_type": 13, "object_id": "13", "object_repr": "DW Drums Performance Series 14\" x 6.5\" Snare Drum, Ebony Stain", "action_flag": 1, "change_message": "[{\"added\": {}}]"}}, {"model": "admin.logentry", "pk": 35, "fields": {"action_time": "2021-02-18T21:49:59.294Z", "user": 1, "content_type": 13, "object_id": "14", "object_repr": "Pearl EXX Export 12\" Rack Tom, Black", "action_flag": 1, "change_message": "[{\"added\": {}}]"}}, {"model": "admin.logentry", "pk": 36, "fields": {"action_time": "2021-02-18T21:51:07.664Z", "user": 1, "content_type": 13, "object_id": "15", "object_repr": "Pearl EXX 18\" x 16\" Floor Tom, Jet Black", "action_flag": 1, "change_message": "[{\"added\": {}}]"}}, {"model": "admin.logentry", "pk": 37, "fields": {"action_time": "2021-02-18T21:52:39.950Z", "user": 1, "content_type": 13, "object_id": "16", "object_repr": "Vic Firth American Classic 5B Hickory Drumsticks", "action_flag": 1, "change_message": "[{\"added\": {}}]"}}, {"model": "admin.logentry", "pk": 38, "fields": {"action_time": "2021-02-18T21:54:02.778Z", "user": 1, "content_type": 13, "object_id": "17", "object_repr": "Shure PGADRUMKIT4 Drum Microphone Kit, 4 Piece", "action_flag": 1, "change_message": "[{\"added\": {}}]"}}, {"model": "admin.logentry", "pk": 39, "fields": {"action_time": "2021-02-18T21:55:53.334Z", "user": 1, "content_type": 13, "object_id": "18", "object_repr": "Yamaha HS8 MP Studio Monitors, Matched Pair", "action_flag": 1, "change_message": "[{\"added\": {}}]"}}, {"model": "admin.logentry", "pk": 40, "fields": {"action_time": "2021-02-18T21:56:48.010Z", "user": 1, "content_type": 13, "object_id": "19", "object_repr": "Adam Audio T5V Studio Monitors, Pair", "action_flag": 1, "change_message": "[{\"added\": {}}]"}}, {"model": "admin.logentry", "pk": 41, "fields": {"action_time": "2021-02-18T21:58:38.416Z", "user": 1, "content_type": 13, "object_id": "20", "object_repr": "Focusrite Scarlett Solo (3rd Gen)", "action_flag": 1, "change_message": "[{\"added\": {}}]"}}, {"model": "admin.logentry", "pk": 42, "fields": {"action_time": "2021-02-18T21:59:29.847Z", "user": 1, "content_type": 13, "object_id": "21", "object_repr": "SSL 2 2-Channel USB Audio Interface", "action_flag": 1, "change_message": "[{\"added\": {}}]"}}, {"model": "admin.logentry", "pk": 43, "fields": {"action_time": "2021-02-18T22:00:49.356Z", "user": 1, "content_type": 13, "object_id": "22", "object_repr": "Steinberg Cubase Pro 11", "action_flag": 1, "change_message": "[{\"added\": {}}]"}}, {"model": "admin.logentry", "pk": 44, "fields": {"action_time": "2021-02-18T22:02:00.058Z", "user": 1, "content_type": 13, "object_id": "23", "object_repr": "Native Instruments Komplete 13", "action_flag": 1, "change_message": "[{\"added\": {}}]"}}, {"model": "admin.logentry", "pk": 45, "fields": {"action_time": "2021-02-19T00:34:36.553Z", "user": 1, "content_type": 13, "object_id": "3", "object_repr": "Martin GPC-X2E Macassar Acoustic Guitar", "action_flag": 2, "change_message": "[{\"changed\": {\"fields\": [\"Name\"]}}]"}}, {"model": "admin.logentry", "pk": 46, "fields": {"action_time": "2021-02-19T00:34:45.935Z", "user": 1, "content_type": 13, "object_id": "4", "object_repr": "Taylor Big Baby Acoustic Guitar, Natural", "action_flag": 2, "change_message": "[{\"changed\": {\"fields\": [\"Name\"]}}]"}}, {"model": "admin.logentry", "pk": 47, "fields": {"action_time": "2021-02-19T00:34:51.549Z", "user": 1, "content_type": 13, "object_id": "5", "object_repr": "Fender 75th Anniversary Precision Bass Guitar", "action_flag": 2, "change_message": "[{\"changed\": {\"fields\": [\"Name\"]}}]"}}, {"model": "admin.logentry", "pk": 48, "fields": {"action_time": "2021-02-19T00:34:58.612Z", "user": 1, "content_type": 13, "object_id": "6", "object_repr": "Music Man Bongo 6 HH Bass Guitar, Stealth Black", "action_flag": 2, "change_message": "[{\"changed\": {\"fields\": [\"Name\"]}}]"}}, {"model": "admin.logentry", "pk": 49, "fields": {"action_time": "2021-02-19T00:35:14.445Z", "user": 1, "content_type": 13, "object_id": "1", "object_repr": "Fender Deluxe Roadhouse Stratocaster, Classic Copper", "action_flag": 2, "change_message": "[]"}}, {"model": "admin.logentry", "pk": 50, "fields": {"action_time": "2021-02-19T00:35:30.981Z", "user": 1, "content_type": 13, "object_id": "2", "object_repr": "Gibson ES-335 Figured Electric Guitar, Antique Natural", "action_flag": 2, "change_message": "[{\"changed\": {\"fields\": [\"Name\"]}}]"}}, {"model": "admin.logentry", "pk": 51, "fields": {"action_time": "2021-02-19T00:49:58.455Z", "user": 1, "content_type": 14, "object_id": "14", "object_repr": "all_specials", "action_flag": 3, "change_message": ""}}, {"model": "admin.logentry", "pk": 52, "fields": {"action_time": "2021-02-19T00:49:58.484Z", "user": 1, "content_type": 14, "object_id": "10", "object_repr": "all_studio", "action_flag": 3, "change_message": ""}}, {"model": "admin.logentry", "pk": 53, "fields": {"action_time": "2021-02-19T00:49:58.505Z", "user": 1, "content_type": 14, "object_id": "9", "object_repr": "all_drum", "action_flag": 3, "change_message": ""}}, {"model": "admin.logentry", "pk": 54, "fields": {"action_time": "2021-02-19T00:49:58.527Z", "user": 1, "content_type": 14, "object_id": "1", "object_repr": "all_guitar", "action_flag": 3, "change_message": ""}}, {"model": "admin.logentry", "pk": 55, "fields": {"action_time": "2021-02-23T02:58:57.753Z", "user": 1, "content_type": 16, "object_id": "2", "object_repr": "A9A0BF12956B4A7FAF50D62D97B55210", "action_flag": 2, "change_message": "[{\"changed\": {\"name\": \"order line item\", \"object\": \"SKU MON-02 on order A9A0BF12956B4A7FAF50D62D97B55210\", \"fields\": [\"Quantity\"]}}]"}}, {"model": "admin.logentry", "pk": 56, "fields": {"action_time": "2021-02-23T15:27:25.717Z", "user": 1, "content_type": 16, "object_id": "6", "object_repr": "768BE98E2C244DEA9F6E5033D41DF4BD", "action_flag": 3, "change_message": ""}}, {"model": "admin.logentry", "pk": 57, "fields": {"action_time": "2021-02-23T15:27:25.785Z", "user": 1, "content_type": 16, "object_id": "5", "object_repr": "FA1DA25491994A7EA9D1417F3E129455", "action_flag": 3, "change_message": ""}}, {"model": "admin.logentry", "pk": 58, "fields": {"action_time": "2021-02-23T15:27:25.807Z", "user": 1, "content_type": 16, "object_id": "4", "object_repr": "5CB42BBF6E8F4FAB8E63CD73D4E5C069", "action_flag": 3, "change_message": ""}}, {"model": "admin.logentry", "pk": 59, "fields": {"action_time": "2021-02-23T15:27:25.830Z", "user": 1, "content_type": 16, "object_id": "3", "object_repr": "E5232585BB6A4E8F93808F05734C040C", "action_flag": 3, "change_message": ""}}, {"model": "admin.logentry", "pk": 60, "fields": {"action_time": "2021-02-23T15:27:25.852Z", "user": 1, "content_type": 16, "object_id": "2", "object_repr": "A9A0BF12956B4A7FAF50D62D97B55210", "action_flag": 3, "change_message": ""}}, {"model": "admin.logentry", "pk": 61, "fields": {"action_time": "2021-02-23T15:27:25.885Z", "user": 1, "content_type": 16, "object_id": "1", "object_repr": "9962DCF737884F42A65834BCC421237B", "action_flag": 3, "change_message": ""}}, {"model": "admin.logentry", "pk": 62, "fields": {"action_time": "2021-02-25T02:21:52.133Z", "user": 1, "content_type": 13, "object_id": "26", "object_repr": "test3", "action_flag": 3, "change_message": ""}}, {"model": "admin.logentry", "pk": 63, "fields": {"action_time": "2021-02-25T02:21:52.160Z", "user": 1, "content_type": 13, "object_id": "25", "object_repr": "test2", "action_flag": 3, "change_message": ""}}, {"model": "admin.logentry", "pk": 64, "fields": {"action_time": "2021-02-25T02:21:52.181Z", "user": 1, "content_type": 13, "object_id": "24", "object_repr": "test", "action_flag": 3, "change_message": ""}}, {"model": "admin.logentry", "pk": 65, "fields": {"action_time": "2021-02-25T14:00:22.039Z", "user": 1, "content_type": 18, "object_id": "1", "object_repr": "Fender Deluxe Roadhouse Stratocaster, Classic Copper", "action_flag": 1, "change_message": "[{\"added\": {}}]"}}, {"model": "admin.logentry", "pk": 66, "fields": {"action_time": "2021-02-25T14:47:29.324Z", "user": 1, "content_type": 18, "object_id": "1", "object_repr": "Fender Deluxe Roadhouse Stratocaster, Classic Copper", "action_flag": 2, "change_message": "[{\"changed\": {\"fields\": [\"Comment\"]}}]"}}, {"model": "admin.logentry", "pk": 67, "fields": {"action_time": "2021-02-25T15:28:33.565Z", "user": 1, "content_type": 18, "object_id": "2", "object_repr": "None", "action_flag": 3, "change_message": ""}}, {"model": "admin.logentry", "pk": 68, "fields": {"action_time": "2021-02-25T15:45:25.761Z", "user": 1, "content_type": 18, "object_id": "2", "object_repr": "None", "action_flag": 3, "change_message": ""}}, {"model": "admin.logentry", "pk": 69, "fields": {"action_time": "2021-02-25T15:45:25.789Z", "user": 1, "content_type": 18, "object_id": "1", "object_repr": "None", "action_flag": 3, "change_message": ""}}, {"model": "admin.logentry", "pk": 70, "fields": {"action_time": "2021-02-25T15:49:47.725Z", "user": 1, "content_type": 18, "object_id": "5", "object_repr": "Fender 75th Anniversary Precision Bass Guitar", "action_flag": 1, "change_message": "[{\"added\": {}}]"}}, {"model": "admin.logentry", "pk": 71, "fields": {"action_time": "2021-02-25T15:49:56.965Z", "user": 1, "content_type": 18, "object_id": "5", "object_repr": "Fender 75th Anniversary Precision Bass Guitar", "action_flag": 3, "change_message": ""}}, {"model": "admin.logentry", "pk": 72, "fields": {"action_time": "2021-02-25T15:49:56.995Z", "user": 1, "content_type": 18, "object_id": "4", "object_repr": "None", "action_flag": 3, "change_message": ""}}, {"model": "admin.logentry", "pk": 73, "fields": {"action_time": "2021-02-25T15:49:57.019Z", "user": 1, "content_type": 18, "object_id": "3", "object_repr": "None", "action_flag": 3, "change_message": ""}}, {"model": "admin.logentry", "pk": 74, "fields": {"action_time": "2021-02-25T16:00:56.129Z", "user": 1, "content_type": 18, "object_id": "9", "object_repr": "None", "action_flag": 3, "change_message": ""}}, {"model": "admin.logentry", "pk": 75, "fields": {"action_time": "2021-02-25T16:00:56.176Z", "user": 1, "content_type": 18, "object_id": "8", "object_repr": "None", "action_flag": 3, "change_message": ""}}, {"model": "admin.logentry", "pk": 76, "fields": {"action_time": "2021-02-25T16:00:56.208Z", "user": 1, "content_type": 18, "object_id": "7", "object_repr": "None", "action_flag": 3, "change_message": ""}}, {"model": "admin.logentry", "pk": 77, "fields": {"action_time": "2021-02-25T16:00:56.243Z", "user": 1, "content_type": 18, "object_id": "6", "object_repr": "None", "action_flag": 3, "change_message": ""}}, {"model": "admin.logentry", "pk": 78, "fields": {"action_time": "2021-02-25T16:19:39.868Z", "user": 1, "content_type": 18, "object_id": "13", "object_repr": "Taylor Big Baby Acoustic Guitar, Natural", "action_flag": 3, "change_message": ""}}, {"model": "admin.logentry", "pk": 79, "fields": {"action_time": "2021-02-25T16:19:39.894Z", "user": 1, "content_type": 18, "object_id": "12", "object_repr": "None", "action_flag": 3, "change_message": ""}}, {"model": "admin.logentry", "pk": 80, "fields": {"action_time": "2021-02-25T16:19:39.915Z", "user": 1, "content_type": 18, "object_id": "11", "object_repr": "None", "action_flag": 3, "change_message": ""}}, {"model": "admin.logentry", "pk": 81, "fields": {"action_time": "2021-02-25T16:19:39.937Z", "user": 1, "content_type": 18, "object_id": "10", "object_repr": "None", "action_flag": 3, "change_message": ""}}, {"model": "admin.logentry", "pk": 82, "fields": {"action_time": "2021-02-25T16:28:31.929Z", "user": 1, "content_type": 18, "object_id": "16", "object_repr": "Pearl EXX 18\" x 16\" Floor Tom, Jet Black", "action_flag": 3, "change_message": ""}}, {"model": "admin.logentry", "pk": 83, "fields": {"action_time": "2021-02-25T16:28:31.959Z", "user": 1, "content_type": 18, "object_id": "15", "object_repr": "Pearl EXX 18\" x 16\" Floor Tom, Jet Black", "action_flag": 3, "change_message": ""}}, {"model": "admin.logentry", "pk": 84, "fields": {"action_time": "2021-02-25T16:28:31.985Z", "user": 1, "content_type": 18, "object_id": "14", "object_repr": "Pearl EXX 18\" x 16\" Floor Tom, Jet Black", "action_flag": 3, "change_message": ""}}, {"model": "admin.logentry", "pk": 85, "fields": {"action_time": "2021-02-25T16:29:09.345Z", "user": 1, "content_type": 18, "object_id": "17", "object_repr": "Fender Deluxe Roadhouse Stratocaster, Classic Copper", "action_flag": 3, "change_message": ""}}, {"model": "admin.logentry", "pk": 86, "fields": {"action_time": "2021-02-26T03:42:31.030Z", "user": 1, "content_type": 20, "object_id": "1", "object_repr": "tseest, tttt", "action_flag": 1, "change_message": "[{\"added\": {}}]"}}, {"model": "admin.logentry", "pk": 87, "fields": {"action_time": "2021-02-26T03:46:29.375Z", "user": 1, "content_type": 20, "object_id": "1", "object_repr": "tseest, tttt", "action_flag": 3, "change_message": ""}}, {"model": "auth.user", "pk": 1, "fields": {"password": "pbkdf2_sha256$216000$ZDRjZLoqY0hq$AqUeuL9zomxV66lyQnj+hGBuqar/tU1tSAdVOVR12rI=", "last_login": "2021-02-26T03:36:39.191Z", "is_superuser": true, "username": "mattingliscoding", "first_name": "", "last_name": "", "email": "", "is_staff": true, "is_active": true, "date_joined": "2021-02-17T22:50:24.604Z", "groups": [], "user_permissions": []}}, {"model": "auth.user", "pk": 2, "fields": {"password": "pbkdf2_sha256$216000$KpLSGL86R1WB$F4Y2AmU+XMpn5bBk7oZi6mIz0gLU3fk3YLDXGv6dYJA=", "last_login": "2021-02-25T03:31:58.748Z", "is_superuser": false, "username": "testyguy", "first_name": "", "last_name": "", "email": "test@test.com", "is_staff": false, "is_active": true, "date_joined": "2021-02-24T02:37:58.989Z", "groups": [], "user_permissions": []}}, {"model": "auth.user", "pk": 3, "fields": {"password": "pbkdf2_sha256$216000$Vvm1qJTIqlgr$eweXwZBboHd48gdf7Eu0ispanGuu5EhxnLW3po77WkE=", "last_login": null, "is_superuser": true, "username": "admin", "first_name": "", "last_name": "", "email": "mattingliscoding@gmail.com", "is_staff": true, "is_active": true, "date_joined": "2021-02-27T14:12:01.800Z", "groups": [], "user_permissions": []}}, {"model": "sessions.session", "pk": "13z5lk5zpcnh8nope96338picwnmm6e1", "fields": {"session_data": ".eJxVjEEOwiAQRe_C2hAggrRL956BDDODRQ2Y0iY1xrvbJl3o9r33_1sEmKchzI3HkEn0QovDL4uAdy6boBuUa5VYyzTmKLdE7rbJSyV-nPf272CANqxrPKVjp73C6NGzpWiVgcSQSPnOu6TAWO3IRJdQWx9prbUh4wiTW-l22ri1XEvg5ZnHl-jV5wutVT-f:1lFdaf:Lq750HYIidxM2kjUL2BMss4Iwqo4-gYyY7zoCcaA2Ks", "expire_date": "2021-03-12T13:55:33.450Z"}}, {"model": "sessions.session", "pk": "2ovhcyyhhvpk2eng55cvwu0dntmyzqho", "fields": {"session_data": ".eJxVjMsOREAURP_lrqVDox-Ws59vkPsyjAmJZiX-fUhsbGpR51TtQJhGXaHZIUJTZODPPDJocVv7dku6tINAAwU8OkIedbqAfHH6zIbnaV0GMpdibprMexb9vW73cdBj6s91rrlFH5ygI6m4IwoulKisaF3dWVHpBFmp9BiLU46Raqsc2QcJroLjD4V5P3E:1lE0cz:VUb77Bqr3hqwLjMWjgSa3TQQT9Ov6vK_hLoHG9Quio4", "expire_date": "2021-03-08T02:07:13.951Z"}}, {"model": "sessions.session", "pk": "2yhqykv0dh51kzprz9gheqmg7xyjn36l", "fields": {"session_data": "e30:1lFUTg:Gt8tGFhxV8Z3tYGA35IzgabD2G0Tph6mw13W8Qe__ds", "expire_date": "2021-03-12T04:11:44.982Z"}}, {"model": "sessions.session", "pk": "3hi61kkl7gmh64rk43gx3ykt16iu1sxw", "fields": {"session_data": ".eJxVjE0OgjAYBe_StWmgQmlZuvcMzfeHVE1rKCQa492FhIVu38ybtwqwzGNYikwhsupVrQ6_GwLdJG2Ar5AuWVNO8xRRb4readHnzHI_7e5fYIQyru9KKgOdswwWuaEB0Vl3BCEBY9vBsPDAQILHDny9yt5ja4Q8dY6dbbZokVJiTkGejzi9VF99vuS6QJg:1lCW5j:dErboN1gni7sK9zoLAJnKtl_m2TiR1U4esAMvzW0Sm0", "expire_date": "2021-03-03T23:18:43.353Z"}}, {"model": "sessions.session", "pk": "510ma3pz7x8srg2jzjp4n5odjdf8rp8h", "fields": {"session_data": ".eJxVjEEOwiAQRe_C2pBpC6V26d4zkAFmLGrAQJtojHe3TbrQ7X_vv7ewuMyTXSoVG4MYRSsOv5tDf6O0gXDFdMnS5zSX6OSmyJ1Wec6B7qfd_QtMWKf1rXviAB0cO9NwMIb7oBV0bQMaWQEMiIpXpdVIRM4zKd-w56Fnp4zCLVqp1piTpecjlpcY4fMFqEhAKg:1lF7Nf:ItGLDLvEU4P4AnLzwOA1w8SXNOc2fW2czwKpIhWca4g", "expire_date": "2021-03-11T03:31:59.011Z"}}, {"model": "sessions.session", "pk": "8sag5j4zrp912zl6pirs6kyr2gguzaih", "fields": {"session_data": "e30:1lEk1Y:kUgRehJLSBd6e13Na_UlbqrmXILBMUEOhKWPn3w-uTs", "expire_date": "2021-03-10T02:35:36.179Z"}}, {"model": "sessions.session", "pk": "ou5lk73s0ho3e7kdmvuii5pkwltwx6kq", "fields": {"session_data": ".eJxVjMsOgyAQRf9l1g0RH4gsu-83kIEZqrWBRLAb479XEzdu7zn3bJDxx3aKIYEpy8oPsLiW0a6ZFzsRGJBw2xz6meMJ6IPxnYRPsSyTE6ciLprFKxF_n5d7C4yYx-NdcVVjrxWhctT64JxWukH2jLXqQk1MgdCza3oc5CEPg-tq9oPvNWnVHlGHeeYCZgMpwch9_wMZ80Ss:1lEa7a:zv5ztP0sNKclh2lzUVNElNGF0Im3QVS3QMxEctFbWQI", "expire_date": "2021-03-09T16:01:10.769Z"}}, {"model": "sessions.session", "pk": "t9ar8coiufff4ar0goy5rdnonebaarfq", "fields": {"session_data": "eyJzYXZlX2luZm8iOmZhbHNlLCJiYXNrZXQiOnsiMiI6MX19:1lEapv:8YZCIuumhkF7ZChD73n5-A6VnLNmCbqiD4Jw5B_sZys", "expire_date": "2021-03-09T16:46:59.836Z"}}, {"model": "sessions.session", "pk": "wohrb4r1gofv7w3n9uh4zr02djdu3l6h", "fields": {"session_data": ".eJxVjDsOwjAQBe_iGlk28TqGkp4zWPsLCSBbipMKcXeIlALaNzPvZTKuy5jXpnOexJyNN4ffjZAfWjYgdyy3armWZZ7IbordabPXKvq87O7fwYht_NYaYk_OAxCQQnJh6LxocMlxT53QID07ZUxxSEHTKSbwBBARhY--8-b9AeZKN_w:1lFzv0:VPrRCyTUfOSlircx5UhRvjY43vqrIc0SB5gbNCDBHBA", "expire_date": "2021-03-13T13:46:02.931Z"}}, {"model": "sessions.session", "pk": "xaet7438ahhultdr957upml7ttbllsoa", "fields": {"session_data": ".eJxVjksOgyAYhO_C2hCghSLL7j2D-R9QrI0moivj3YuJi3Y1ycw3k9lFD9ua-63EpR9YBKFF8-sh0BinM-A3TK9Z0jyty4DyROSVFtnNHD_Pi_0byFBybdMj3VvtFaEnHy2jVQZShMTKt94lBcZqxwZdIm09cqW1YeOYkqtuHUUoY1xF2OvHoBthblWO4wuS9j6e:1lFfnV:-85bN66Krgbtp5Q3_9JtfPhGtmE_Kly6ED1zgJyaVRQ", "expire_date": "2021-03-12T16:16:57.540Z"}}, {"model": "sessions.session", "pk": "xdrc5kib41yamuwmm7phoai7j74jx1wz", "fields": {"session_data": ".eJxljMEOgjAQBf-lZ0IKtBQ5evcbmm27K9XaGgpGY_x3wRAT43Vm3nsysDbNcdI3HD15dBov4APr4xxC8bVzxpH1rGYF0zBPwwdo7_6ZAXvGuAp3gnhMpU1xGr0p16TcbC4PyWHYb-3PwQB5WNayRXK84btGVeSUotZJwZu64hJIcN4BCFqSWgIiGksobEWWupaMUALW04w5-xQ13q9-fLCev96bMFG7:1lEk5G:CIEgsIaA0e4wTrM9HUIlUY28mxdvlQ8uDoCZdZrEDaQ", "expire_date": "2021-03-10T02:39:26.924Z"}}, {"model": "sessions.session", "pk": "yo8kyxpj1wmhiwn1h2960njcm70hlmjh", "fields": {"session_data": ".eJxVjrEOgzAQQ__lZhSRACHJ2L3fgO5yR6FUIBGYEP_eIDG0kyX72fIBHe7b0O1J1m5kCKCh-PUI4yTzFfAb59ei4jJv60jqQtSdJvVcWD6Pm_0bGDANuV1KabB1ltES17EnctZVKFHQ2KY3LNwzRqGqRa8z7D01RqKPrWNn6zxKmCbZIBz5Y9B1ATprk8VAMAV4CJdnIVTn-QUirkNm:1lDeoQ:m0OA6BdwCiQZGEhbcReFle7yQgjfmeoMAvMOODQvRH4", "expire_date": "2021-03-07T02:49:34.230Z"}}, {"model": "sites.site", "pk": 1, "fields": {"domain": "soundemporium-MS4.com", "name": "Sound Emporium"}}, {"model": "account.emailaddress", "pk": 1, "fields": {"user": 1, "email": "mattingliscoding@gmail.com", "verified": true, "primary": true}}, {"model": "account.emailaddress", "pk": 2, "fields": {"user": 2, "email": "test@test.com", "verified": true, "primary": true}}, {"model": "products.category", "pk": 2, "fields": {"name": "electric_guitar", "friendly_name": "Electric Guitars"}}, {"model": "products.category", "pk": 3, "fields": {"name": "acoustic_guitar", "friendly_name": "Acoustic Guitars"}}, {"model": "products.category", "pk": 4, "fields": {"name": "bass_guitar", "friendly_name": "Bass Guitars"}}, {"model": "products.category", "pk": 5, "fields": {"name": "guitar_equipment", "friendly_name": "Guitar Equipment"}}, {"model": "products.category", "pk": 6, "fields": {"name": "full_kits", "friendly_name": "Full Kits"}}, {"model": "products.category", "pk": 7, "fields": {"name": "individual_drums", "friendly_name": "Individual Drums"}}, {"model": "products.category", "pk": 8, "fields": {"name": "drum_equipment", "friendly_name": "Drum Equipment"}}, {"model": "products.category", "pk": 11, "fields": {"name": "monitors", "friendly_name": "Monitors"}}, {"model": "products.category", "pk": 12, "fields": {"name": "hardware", "friendly_name": "Hardware"}}, {"model": "products.category", "pk": 13, "fields": {"name": "software", "friendly_name": "Software"}}, {"model": "products.category", "pk": 15, "fields": {"name": "deals", "friendly_name": "Deals"}}, {"model": "products.category", "pk": 16, "fields": {"name": "new_arrivals", "friendly_name": "New Arrivals"}}, {"model": "products.category", "pk": 17, "fields": {"name": "clearance", "friendly_name": "Clearance"}}, {"model": "products.product", "pk": 1, "fields": {"category": 2, "sku": "EG-01", "name": "Fender Deluxe Roadhouse Stratocaster, Classic Copper", "description": "The Fender Deluxe Roadhouse Stratocaster Electric Guitar offers musicians a versatile tone with classic playability. The Alder body has a naturally bright tone with a warm body, making it ideal for achieving the notorious Stratocaster sound. The Maple fingerboard produces a wealth of complex overtones, whilst the 12'' radius provides a suitable surface for lead riffs and sweeping bends. The three Vintage Noiseless pickups have five accessible combinations that produce clear notes with no hum. This model also features a V6 rotary switch which determines how your pickups are pushed. This model features a highly durable classic copper gloss finish, so your guitar will look as good as it sounds.", "price": "798.00", "rating": "5.00", "image_url": "https://d1aeri3ty3izns.cloudfront.net/media/19/197326/1200/preview.jpg", "image": "strateg1.jpg"}}, {"model": "products.product", "pk": 2, "fields": {"category": 2, "sku": "EG-02", "name": "Gibson ES-335 Figured Electric Guitar, Antique Natural", "description": "Gleaming with quality. The Gibson ES-335 Figured guitar will simply take your breath away. Its stunning looks are just the start - it's dripping with warm, articulate, vintage tone. The Calibrated T-Type humbuckers provide you with all the articulation and clarity you could wish for, whilst offering the perfect tonal range. And the thermally engineered centreblock provides this semi-hollow guitar with unrivalled stability and sustain. You'll be riffing all day long on this tonal masterpiece.\r\n\r\nPlay for days. The playability of this sublime guitar is something to be marvelled at. With a rounded, C shaped mahogany neck, your hand will feel like it can glide along like a bird. The luscious rosewood fretboard is warm and smooth, providing you with heaps of sustain and a super smooth feel. It would be criminal not to mention the beautiful AAA flame maple top, which boasts a superb finish and beautiful resonance. It's almost too easy to fall in love with this guitar at first sight. But once you've heard it, there's simply no going back.", "price": "3199.00", "rating": "4.50", "image_url": "https://d1aeri3ty3izns.cloudfront.net/media/55/551526/1200/preview.jpg", "image": "gibeg2.jpg"}}, {"model": "products.product", "pk": 3, "fields": {"category": 3, "sku": "AG-01", "name": "Martin GPC-X2E Macassar Acoustic Guitar", "description": "Solid-topped tonal charm. It's indulgent. And it's all oozing from the Martin GPC-X2E Macassar. It delivers all that unmistakable Martin flair you crave with the ability to sound even better with age and the more you play. Crafted under the ethos of unparalleled tone, masterful design, and flawless playability, it's easy to see why Martin are leading the industry...\r\n\r\nStill hand-made. A standard Martin proudly holds close to their hearts, bringing you exquisite craftsmanship infused with legendary quality. You won't be disappointed. Explore a gorgeous, melodic, responsive voice that's perfect for a multitude of genres and techniques while an all-purpose, easy-playing GPC body provides a flawless playing feel as well as unrestricted access to upper frets. You can also enjoy all its glorious tone, amplified. All thanks to responsive, quality Fishman electronics. The spotlight awaits...", "price": "739.00", "rating": "5.00", "image_url": "https://d1aeri3ty3izns.cloudfront.net/media/62/621408/1200/preview.jpg", "image": "martinag1.jpg"}}, {"model": "products.product", "pk": 4, "fields": {"category": 3, "sku": "AG-02", "name": "Taylor Big Baby Acoustic Guitar, Natural", "description": "The Taylor Big Baby Acoustic Guitar is the bigger version of Taylor’s baby guitar, delivering the comfort and portability of the small body whilst boasting a larger size and incredibly full voice. It’s small dreadnought body is crafted from a sitka spruce top with sapele back and sides, producing a dynamic range of tone with excellent versatility. The guitar also features a nubone nut and saddle, die-cast tuners, a tortoise pickguard, and an ebony fingerboard. At 15/16th scale, the Big Baby Taylor Guitar will sit right at home with experienced players and new beginners alike.", "price": "449.00", "rating": "4.00", "image_url": "https://d1aeri3ty3izns.cloudfront.net/media/61/617330/1200/preview.jpg", "image": "tayag02.jpg"}}, {"model": "products.product", "pk": 5, "fields": {"category": 4, "sku": "BG-01", "name": "Fender 75th Anniversary Precision Bass Guitar", "description": "Long live the legend. After 75 years in the business, Fender knows a thing or two about building bass guitars. The Fender 75th Anniversary Precision Bass brings together those years of experience for a truly spectacular result. The unmistakable sound of a 50's P-bass pickup gives this anniversary model unbeatable low-mid punch, with a present and sparkling top end to boot, while its four-saddle bridge allows impeccable tuning consistency and intonation.\r\n\r\nA real show-stopper. This 75th Anniversary P Bass sports an all-new, Diamond Anniversary metallic finish, with an eye-catching headstock to match. Its satin-finished, maple neck's 'Modern C' profile is exquisitely ergonomic, and will have you racing up and down the fingerboard with ease. It's ready for the road too, with a deluxe Fender gig bag included as standard. The original, iconic Fender P-Bass changed everything - and with a 75th Anniversary Precision in hand, you can make your mark too.", "price": "999.00", "rating": "5.00", "image_url": "https://d1aeri3ty3izns.cloudfront.net/media/63/635080/1200/preview.jpg", "image": "fendbg01.jpg"}}, {"model": "products.product", "pk": 6, "fields": {"category": 4, "sku": "BG-02", "name": "Music Man Bongo 6 HH Bass Guitar, Stealth Black", "description": "The Music Man Bongo 6 HH Bass is a unique electric bass guitar with some of the most powerful pickups ever. Loaded with dual Neodymium Humbucking Pickups, the Bongo 4 has an incredibly high output and offers bright sounds with plenty of precision. The 6 String Bongo features a 4 Band Active Preamp giving you access to more varied sounds and a rare active bass. Crafted in the USA to the highest standards, the Music Man Bongo 6 features an all basswood body providing excellent tone definition and a maple neck coupled with an ebony fingerboard for bright and clear sounds. With 6 strings, the Bongo 6 has an extended range which gives the opportunity of chording and playing melodies. This Bongo 6 HH Bass is finished in a sleek Stealth Black gloss finish.", "price": "2471.00", "rating": "4.50", "image_url": "https://d1aeri3ty3izns.cloudfront.net/media/58/581812/1200/preview.jpg", "image": "mmbg02.jpg"}}, {"model": "products.product", "pk": 7, "fields": {"category": 5, "sku": "GE-01", "name": "Dunlop Cotton Strap, Black", "description": "The Dunlop cotton guitar strap brings comfort and durability together for a reliable way to secure your guitar. Using real leather ends, the strap is sure to not break under your guitar's weight. The cotton material is comfortable so you will be able to concentrate on your performance. The strap is a solid black colour for a smart look that will be appropriate to any guitar.", "price": "17.49", "rating": "3.90", "image_url": "https://d1aeri3ty3izns.cloudfront.net/media/16/168915/1200/preview.jpg", "image": "dunge01.jpg"}}, {"model": "products.product", "pk": 8, "fields": {"category": 5, "sku": "GE-02", "name": "Kinsman Hardshell Guitar Case, Brown", "description": "The Kinsman Vintage Hard Shell case provides you with years of safe guitar transportation. Fitted with double brown leather grain textured cloth, retro style stitched valance and four gold coloured clip-over catches it looks the part too. The case also comes with a padded body surround compartment, lightweight wooden shell, neck support and a hinged lid storage compartment for all your guitar accessories. This case really is the perfect mix of style and security!", "price": "70.00", "rating": "4.50", "image_url": "https://d1aeri3ty3izns.cloudfront.net/media/7/79382/1200/preview.jpg", "image": "caseeg02.jpg"}}, {"model": "products.product", "pk": 9, "fields": {"category": 5, "sku": "GE-03", "name": "Ernie Ball Regular Slinky Nickel Guitar Strings 10-46", "description": "Give your guitar a new lease of life. The Ernie Ball Regular Slinky Nickel Strings promise clear, dynamic sound as well as brilliant robustness. Ernie Ball have set the standard for electric strings, they are iconic and have been used by the likes of Eric Clapton, Slash, and John Mayor. So, you know you can trust in them. Better still, they will arrive to you in Element Shield packaging which protects them against humidity, meaning they are fresh and ready to play.", "price": "5.99", "rating": "5.00", "image_url": "https://d1aeri3ty3izns.cloudfront.net/media/28/280535/1200/preview.jpg", "image": "stringge03.jpg"}}, {"model": "products.product", "pk": 10, "fields": {"category": 5, "sku": "GE-04", "name": "Planet Waves Classic Series 1/4\" Instrument Cable, Right Angle, 20ft", "description": "Superb quality with fantastic value. The Planet Waves Classic Series 1/4\" Instrument Cable is a must-have accessory for live work. It features a handy 20ft length, making it perfect for those of wanting a little more room to showboat your talents across the stage. Or flaunt your persona and move around your rehearsal room. And, of course, it comes infused with world renowned Planet Waves quality for a pure, clean signal and a seamless, uninterrupted performance. Every time.", "price": "13.00", "rating": "4.50", "image_url": "https://d1aeri3ty3izns.cloudfront.net/media/2/22609/1200/preview.jpg", "image": "cablege04.jpg"}}, {"model": "products.product", "pk": 11, "fields": {"category": 6, "sku": "FK-01", "name": "Pearl Export EXX 22'' 6pc Drum Kit, High Voltage Blue", "description": "Everything you need to start playing straight away! The Pearl Export EXX 22'' 6pc Drum Kit includes a full range drum kit, Sabian SBR cymbals and Pearl hardware, to give you an excellent introduction into drumming. Known around the world as one of the most popular kits on the market, the Pearl Export Series has been one of the top-selling drum kits for the last 30 years. Featuring 6-ply poplar and Asian mahogany for a crisp, warm tone which complements a range of drumming styles. The drums are each fitted with Remo drum heads, offering enhanced responses and sensitivity for maximum playability. The Pearl Export kit features durable chrome hardware which adds to the structural integrity of the shells, increasing durability, whilst complementing the stunning high-voltage blue finish.", "price": "739.00", "rating": "4.00", "image_url": "https://d1aeri3ty3izns.cloudfront.net/media/62/623609/1200/preview.jpg", "image": "fk01.jpg"}}, {"model": "products.product", "pk": 12, "fields": {"category": 6, "sku": "FK-02", "name": "Mapex Tornado III 22'' Rock Drum Kit, Burgundy w/ Extra Crash", "description": "The best place to start playing the drums. There's a reason why the Mapex Tornado is considered the best entry-level drum kit around. The series offers unmatched quality for its accessible price. And there's no need to worry about buying any extras. This kit includes everything you need to get behind the skins and play: the 5-piece Mapex Tornado III drum kit as well as cymbals, hardware, stool and a pair of drumsticks. Play straight from the box.\r\n\r\nWhy should new learners have to settle for less? The Tornado drum shells are made from thick, hand-selected basswood, providing loud, resonant sounds and bright attack in any setting. This 22\" Rock Fusion configuration is perfect for a variety of genres, so you'll have no trouble finding your favourite style. The included double-braced hardware offers both the durability and reliability you'll need for years of rehearsals and gigs. There's no instrument quite like the drums, and with the Mapex Tornado, you'll soon want to be a drummer for life.\r\n\r\nThis bundle includes an extra 16\" crash cymbal with an accompanying cymbal boom stand!", "price": "349.00", "rating": "3.00", "image_url": "https://d1aeri3ty3izns.cloudfront.net/media/22/224193/1200/preview.jpg", "image": "fk02.jpg"}}, {"model": "products.product", "pk": 13, "fields": {"category": 7, "sku": "ID-SN-01", "name": "DW Drums Performance Series 14\" x 6.5\" Snare Drum, Ebony Stain", "description": "The DW Drums Performance Series 14\" x 6.5\" snare in Ebony Stain brings you renowned DW quality and innovative maple HVX shells. This drum really sings and kicks out a loud, open tone that's perfect for the stage but can easily be reigned in for studio work. This responsive snare captures all the subtle nuances of any playing style and allows individual drummers to shine. Plus, with double threaded centre lugs and a hand-sprayed specialty lacquer finish, this drum looks as good as it sounds.", "price": "458.00", "rating": "4.00", "image_url": "https://d1aeri3ty3izns.cloudfront.net/media/20/205520/1200/preview.jpg", "image": "sn01.jpg"}}, {"model": "products.product", "pk": 14, "fields": {"category": 7, "sku": "ID-RT-02", "name": "Pearl EXX Export 12\" Rack Tom, Black", "description": "Great value, Pearl quality. The Pearl EXX Export 12\" Rack Tom is ideal for adding to your EXX Export kit, or using creatively as part of a custom setup. With a blended mahogany and poplar shell, you get a tone that is bright, warm and punchy. The low mass lugs and SST (Superior Shell Technology) further sets EXX apart from other affordable drums on the market.", "price": "83.00", "rating": "3.50", "image_url": "https://d1aeri3ty3izns.cloudfront.net/media/51/517106/1200/preview.jpg", "image": "rt02.jpg"}}, {"model": "products.product", "pk": 15, "fields": {"category": 7, "sku": "ID-FT-03", "name": "Pearl EXX 18\" x 16\" Floor Tom, Jet Black", "description": "Build your own Export kit. Or pick up a formidable auxiliary floor tom. The Pearl EXX 18\" x 16\" Floor Tom offers thumping low-end with superb resonance. Quality and value wrapped up in a single package, it's the quintessential floor tom for beginner and intermediate players. More advanced, working drummers will also make use of it in any musical application. With Pearl's Superior Shell Technology (SST), the end result is a floor tom that's as hard as iron but resonant and tonally adept on every level. Meanwhile, the Low Mass Lugs provide minimal shell interaction - maximising sustain when you need it most. You'll have more full-bodied low-end and rich resonance than ever before. The EXX Export Floor Tom will make an outstanding addition to your shell set-up.", "price": "135.00", "rating": "5.00", "image_url": "https://d1aeri3ty3izns.cloudfront.net/media/58/587984/1200/preview.jpg", "image": "ft03.jpg"}}, {"model": "products.product", "pk": 16, "fields": {"category": 8, "sku": "DE-01", "name": "Vic Firth American Classic 5B Hickory Drumsticks", "description": "When you think of 5B drumsticks, there's one pair that comes to mind. The Vic Firth American Classic 5B Hickory Drumsticks. Whilst being slightly thicker and heavier than a standard 5A stick, the classics 5B's are suitable to cover all styles. They provide a bit more punch for your funk and rock grooves. And, made by Vic Firth - you know you're getting your money's worth.\r\n\r\n\r\nBut why would you choose the Vic Firth 5B? They are made from a special hickory that is ideal for drumsticks. They are durable, reliable. You can use them for months because they undergo a rigorous manufacturing process that goes above and beyond expectations. The ones that don't make it are used to heat the kiln. The Vic Firth sticks aren't just another 5B, they are their own instrument. An instrument that has been the drummer's go-to choice for decades.", "price": "9.99", "rating": "5.00", "image_url": "https://d1aeri3ty3izns.cloudfront.net/media/23/231210/1200/preview.jpg", "image": "stick01.jpg"}}, {"model": "products.product", "pk": 17, "fields": {"category": 8, "sku": "DE-02", "name": "Shure PGADRUMKIT4 Drum Microphone Kit, 4 Piece", "description": "Pro sound for your kit. The Shure PGADRUMKIT4 Drum Microphone Kit gives you everything you need to capture the power of percussion. From the crack of a snare, to the deep thump of a kick.\r\n\r\nKickstart your mic collection. Each microphone has a unique character, tailored to compliment different types of drum. Whether you're on stage or in the studio, you'll get accurate sound, every single time.\r\n\r\nRigorously tested, Shure have built these mics to withstand serious wear and tear. Thanks to a tough, metallic construction, even accidental drum hits won't break them. The PGA Drum Kit 4 is essential if you need solid sound with long-lasting reliability.", "price": "236.00", "rating": "5.00", "image_url": "https://d1aeri3ty3izns.cloudfront.net/media/53/530877/1200/preview.jpg", "image": "mic02.jpg"}}, {"model": "products.product", "pk": 18, "fields": {"category": 11, "sku": "MON-01", "name": "Yamaha HS8 MP Studio Monitors, Matched Pair", "description": "Factory matched parts deliver superior audio performance. The Yamaha HS8 MP, Matched Pair are special-edition versions of the award-winning studio monitors. The premium-grade nearfield design combines parts matched by their serial number to deliver the best possible acoustic performance.\r\n\r\n\r\nThe HS8 Studio Monitor provides an extended frequency response for optimal audio fidelity, capturing every nuance from your source audio. The high-definition audio is ideal for mixing and mastering applications, recreating your sound in extreme detail. The flat response stays true to the original sound, allowing you to achieve the best possible mix.\r\nThe Yamaha HS8 also includes attenuators for Room Control and High Trim for added flexibility, allowing you to improve the performance of your monitor based on your room.", "price": "579.00", "rating": "4.50", "image_url": "https://d1aeri3ty3izns.cloudfront.net/media/55/559902/1200/preview.jpg", "image": "mon01.jpg"}}, {"model": "products.product", "pk": 19, "fields": {"category": 11, "sku": "MON-02", "name": "Adam Audio T5V Studio Monitors, Pair", "description": "The Adam Audio T5V Studio Monitors (Pair) are a pair of professional 2-way nearfield monitors offering extremely high performance, high dynamic range, a wide frequency range and an extremely wide sweet spot, making them ideal for music production, post-production and more. The T5V monitors provide up to 106dB, with a 5-inch 50W woofer providing deep and tight lows, and a new 1.9-inch U-ART tweeter delivering precise and controlled highs. The T5V monitors offer fine tune control, allowing you to boost and cut the high/low frequencies for optimum performance depending on their position in a room. The fine tuning controls, combined with high performance and a wide sweet spot, deliver a highly accurate sound, allowing you to create crisp, punchy, full mixes and productions.", "price": "274.00", "rating": "4.00", "image_url": "https://d1aeri3ty3izns.cloudfront.net/media/32/327988/1200/preview.jpg", "image": "mon02.jpg"}}, {"model": "products.product", "pk": 20, "fields": {"category": 12, "sku": "HARD-01", "name": "Focusrite Scarlett Solo (3rd Gen)", "description": "The best-sounding Scarlett mic preamp yet. The Focusrite Scarlett Solo (3rd Gen) is the third generation of the popular Scarlett series, featuring a 2-in/2-out configuration and Air-enabled mic preamps.\r\n\r\nThe Scarlett Solo (3rd Gen) Audio Interface is one of the most affordable yet great-sounding interfaces on the market. The interface includes class-leading 24-bit/192kHz AD-DA converters, delivering pristine sound quality. It features everything you need to record vocals and instruments, including built-in Phantom Power for use with condenser microphones.\r\n\r\nThe low-latency, rock-solid USB driver allows you to monitor and record in near real-time. It also comes complete with a comprehensive music software suite including Ableton Live 10 Lite, Focusrite's Red Plug-In Suite and three months of free access to Splice Sounds. It's the perfect interface for beginners and professionals alike, providing you with everything you need to get achieve studio-grade recordings.", "price": "119.99", "rating": "4.00", "image_url": "https://d1aeri3ty3izns.cloudfront.net/media/48/480237/1200/preview.jpg", "image": "hard01.jpg"}}, {"model": "products.product", "pk": 21, "fields": {"category": 12, "sku": "HARD-02", "name": "SSL 2 2-Channel USB Audio Interface", "description": "High-end SSL technology for your personal studio. The SSL 2 2-Channel USB Audio Interface is a compact interface, allowing you to bring the legendary SSL sound, wherever you go.\r\n\r\nSolid State Logic has long been a powerhouse in the music world for their sought-after gear, with some of the world's most famous artists and producers using SSL. This interface provides you with two SSL-designed analog microphone preamps, providing 24-bit/192kHz for the best possible audio fidelity. The result is pristine sound and crystal-clear playback, with a front-panel low-latency monitor mix control.\r\n\r\nAdd extra analog character by using the \"Legacy 4K mode\", inspired by vintage SSL consoles. It provides added sparkle, perfect for use with vocal recordings. In addition to this, the interface comes complete with the SSL Production Pack, including SSL Native plugins, DAWs, samples, loops and virtual instruments. Experience why SSL is such a legend in the world of audio gear and pick up the SSL 2 today.", "price": "172.99", "rating": "5.00", "image_url": "https://d1aeri3ty3izns.cloudfront.net/media/63/639104/1200/preview.jpg", "image": "hard02.jpg"}}, {"model": "products.product", "pk": 22, "fields": {"category": 13, "sku": "SOFT-01", "name": "Steinberg Cubase Pro 11", "description": "Steinberg Cubase Pro 11 is here to bring you the latest and greatest tools, effects and virtual instruments that will refresh your approach to production and performance.\r\n\r\nFrom Deadmau5 to the Weeknd. Thanks to its high-quality sounds and intuitive interface, Cubase has long been one of the most in-demand DAWs on the market and is used by many professionals. Cubase Pro 11 builds on the legacy of 10.5, providing you with all new SpectraLayers, 90 high-end audio and MIDI VST effect processors, eight powerful instruments with over 3,400 sounds, as well as a 64-bit floating-point engine.\r\n\r\nCubase Pro 11 is the perfect accompaniment to any musical journey. Whether you're a budding beginner, or a seasoned pro with numerous Grammys on their shelf, this DAW will allow you to realise your true creative vision, without any compromises. Just as comfortable taking on Blockbuster scores as it is songwriter demos, no task will feel out of reach. There's no awkward navigation, or endless seas of menus, its refined layout allows you to focus on what's most important. It's all about the music.", "price": "499.00", "rating": "5.00", "image_url": "https://d1aeri3ty3izns.cloudfront.net/media/61/615580/1200/preview.jpg", "image": "soft01.jpg"}}, {"model": "products.product", "pk": 23, "fields": {"category": 13, "sku": "SOFT-02", "name": "Native Instruments Komplete 13", "description": "Everyone's favourite virtual instrument bundle just got better! Meet the latest addition to Native Instrument's library - Komplete 13. Your approach to production and performance will be rejuvenated thanks to its vast content. It comes complete with 65 high-quality instruments and effects, as well as 35,000 sounds, and 20+ expansions. Thanks to the seemingly infinite number of options, you'll be covered for any genre, or musical style thrown at you.\r\n\r\nDon't waste time reading manuals. Jump right in and get creative. Komplete 13 is incredibly easy to install. Simply plug-in the HDD, open Native access and you're good to go. What's more, upon registering your product you'll receive a 22GBP E-voucher to spend in the NI online store. This is the ideal collection for any serious musician, and producer looking to expand their sound.", "price": "499.00", "rating": "5.00", "image_url": "https://d1aeri3ty3izns.cloudfront.net/media/59/594913/1200/preview.jpg", "image": "soft02.jpg"}}, {"model": "products.review", "pk": 18, "fields": {"name": 6, "pub_date": "2021-02-25T23:41:35.472Z", "title": "test", "user_name": "mattinglis", "comment": "test"}}, {"model": "products.review", "pk": 19, "fields": {"name": 7, "pub_date": "2021-02-26T03:32:10.291Z", "title": "test", "user_name": "tester", "comment": "www"}}, {"model": "products.review", "pk": 20, "fields": {"name": 17, "pub_date": "2021-02-26T13:55:44.904Z", "title": "This SUCKS", "user_name": "mattinglis", "comment": "ffff"}}, {"model": "products.review", "pk": 21, "fields": {"name": 1, "pub_date": "2021-02-26T16:15:32.742Z", "title": "product review", "user_name": "matt", "comment": "Test"}}, {"model": "checkout.order", "pk": 7, "fields": {"order_number": "796FC5087B4C4868844DC0B9DF4D0A88", "user_profile": null, "full_name": "Matt Inglis", "email": "test@test.com", "phone_number": "07714238245", "country": "GB", "postcode": "L8 3SB", "town_or_city": "Liverpool", "street_address1": "Flat 9 St. Gabriels House, Windermere Terrace", "street_address2": null, "county": null, "date": "2021-02-23T15:28:17.264Z", "delivery_cost": "0.00", "order_total": "798.00", "grand_total": "798.00", "original_basket": "", "stripe_pid": ""}}, {"model": "checkout.order", "pk": 8, "fields": {"order_number": "50CF38EE21A64B869668E56EFC9CA6B1", "user_profile": null, "full_name": "Matt Inglis", "email": "test@test.com", "phone_number": "07714238245", "country": "GB", "postcode": "L8 3SB", "town_or_city": "Liverpool", "street_address1": "Flat 9 St. Gabriels House, Windermere Terrace", "street_address2": null, "county": null, "date": "2021-02-23T15:30:27.352Z", "delivery_cost": "0.00", "order_total": "458.00", "grand_total": "458.00", "original_basket": "", "stripe_pid": ""}}, {"model": "checkout.order", "pk": 9, "fields": {"order_number": "500DE07C641C45A3895B3B3AE776300A", "user_profile": null, "full_name": "test", "email": "test@test.com", "phone_number": "07714238245", "country": "GB", "postcode": "123345", "town_or_city": "Liverpool", "street_address1": "somewhere", "street_address2": null, "county": null, "date": "2021-02-23T15:56:17.755Z", "delivery_cost": "0.00", "order_total": "458.00", "grand_total": "458.00", "original_basket": "{\"13\": 1}", "stripe_pid": "pi_1IO3EzJuMj1zZXH4PF3XTxU1"}}, {"model": "checkout.order", "pk": 10, "fields": {"order_number": "404AE4E1F61149B19E46DB085C2DE3B4", "user_profile": null, "full_name": "test", "email": "test@test.com", "phone_number": "07714238245", "country": "GB", "postcode": "12345", "town_or_city": "Liverpool", "street_address1": "somewhere", "street_address2": null, "county": null, "date": "2021-02-23T16:01:34.721Z", "delivery_cost": "0.00", "order_total": "739.00", "grand_total": "739.00", "original_basket": "{\"11\": 1}", "stripe_pid": "pi_1IO3K2JuMj1zZXH4Xtxw5OkO"}}, {"model": "checkout.order", "pk": 11, "fields": {"order_number": "D18ED0F09B554A37876794902797F4BF", "user_profile": null, "full_name": "test", "email": "test@test.com", "phone_number": "07714238245", "country": "GB", "postcode": "123344", "town_or_city": "Liverpool", "street_address1": "somewhere", "street_address2": null, "county": null, "date": "2021-02-23T16:01:57.790Z", "delivery_cost": "0.00", "order_total": "739.00", "grand_total": "739.00", "original_basket": "{\"11\": 1}", "stripe_pid": "pi_1IO3KRJuMj1zZXH4LlHSwZvg"}}, {"model": "checkout.order", "pk": 12, "fields": {"order_number": "CD58B8724CB6487C81A793A21CEBB9DC", "user_profile": null, "full_name": "test", "email": "test@test.com", "phone_number": "07714238245", "country": "GB", "postcode": "12345", "town_or_city": "Liverpool", "street_address1": "somewhere", "street_address2": null, "county": null, "date": "2021-02-23T16:24:17.083Z", "delivery_cost": "0.00", "order_total": "579.00", "grand_total": "579.00", "original_basket": "{\"18\": 1}", "stripe_pid": "pi_1IO2i6JuMj1zZXH4iZMmoYVy"}}, {"model": "checkout.order", "pk": 13, "fields": {"order_number": "077AA510765C40F6A43FF57919C7AF68", "user_profile": null, "full_name": "Matt Inglis", "email": "test@test.com", "phone_number": "07714238245", "country": "GB", "postcode": "L8 3SB", "town_or_city": "Liverpool", "street_address1": "Flat 9 St. Gabriels House, Windermere Terrace", "street_address2": null, "county": null, "date": "2021-02-23T16:28:49.934Z", "delivery_cost": "0.00", "order_total": "798.00", "grand_total": "798.00", "original_basket": "{\"1\": 1}", "stripe_pid": "pi_1IO2nqJuMj1zZXH42XWphUsl"}}, {"model": "checkout.order", "pk": 14, "fields": {"order_number": "FA3B6AA74E9B4E498E68038AEDA82CA0", "user_profile": null, "full_name": "test", "email": "test@test.com", "phone_number": "07714238245", "country": "GB", "postcode": "123345", "town_or_city": "Liverpool", "street_address1": "somewhere", "street_address2": null, "county": null, "date": "2021-02-23T16:44:45.057Z", "delivery_cost": "1.90", "order_total": "18.99", "grand_total": "20.89", "original_basket": "{\"10\": 1, \"9\": 1}", "stripe_pid": "pi_1IO3zYJuMj1zZXH4D9YrwkXV"}}, {"model": "checkout.order", "pk": 15, "fields": {"order_number": "D7C88C3D67CC4CBBBB5821422D8FD5D6", "user_profile": 1, "full_name": "Matt Inglis", "email": "test@test.com", "phone_number": "1234567890", "country": "GB", "postcode": "12345", "town_or_city": "test", "street_address1": "testy", "street_address2": null, "county": null, "date": "2021-02-24T15:56:50.848Z", "delivery_cost": "0.00", "order_total": "798.00", "grand_total": "798.00", "original_basket": "{\"1\": 1}", "stripe_pid": "pi_1IOPiZJuMj1zZXH4gh7sluw8"}}, {"model": "checkout.order", "pk": 16, "fields": {"order_number": "62AFDA638619433587D211D1898540A6", "user_profile": 1, "full_name": "test2", "email": "test2@test.com", "phone_number": "999999999", "country": "AI", "postcode": "12366", "town_or_city": "test2", "street_address1": "test2", "street_address2": null, "county": null, "date": "2021-02-24T15:58:45.738Z", "delivery_cost": "0.00", "order_total": "798.00", "grand_total": "798.00", "original_basket": "{\"1\": 1}", "stripe_pid": "pi_1IOPkXJuMj1zZXH4eixWjRwC"}}, {"model": "checkout.order", "pk": 17, "fields": {"order_number": "4953D21D3F744251844E09037DFD1ECB", "user_profile": 1, "full_name": "Test conf email", "email": "mattingliscoding@gmail.com", "phone_number": "999999999", "country": "AI", "postcode": "12366", "town_or_city": "test2", "street_address1": "test2", "street_address2": null, "county": null, "date": "2021-02-24T16:20:05.509Z", "delivery_cost": "0.00", "order_total": "3199.00", "grand_total": "3199.00", "original_basket": "{\"2\": 1}", "stripe_pid": "pi_1IOQ5LJuMj1zZXH4rlR58F4o"}}, {"model": "checkout.order", "pk": 18, "fields": {"order_number": "2FBD7AE3E1A04AC39A3EF08E8363162F", "user_profile": 1, "full_name": "Matt Inglis", "email": "mattingliscoding@gmail.com", "phone_number": "999999999", "country": "AI", "postcode": "12366", "town_or_city": "test2", "street_address1": "test2", "street_address2": null, "county": null, "date": "2021-02-24T16:21:02.694Z", "delivery_cost": "1.75", "order_total": "17.49", "grand_total": "19.24", "original_basket": "{\"7\": 1}", "stripe_pid": "pi_1IOQ6TJuMj1zZXH4wOyJGjcA"}}, {"model": "checkout.orderlineitem", "pk": 7, "fields": {"order": 7, "product": 1, "quantity": 1, "lineitem_total": "798.00"}}, {"model": "checkout.orderlineitem", "pk": 8, "fields": {"order": 8, "product": 13, "quantity": 1, "lineitem_total": "458.00"}}, {"model": "checkout.orderlineitem", "pk": 9, "fields": {"order": 9, "product": 13, "quantity": 1, "lineitem_total": "458.00"}}, {"model": "checkout.orderlineitem", "pk": 10, "fields": {"order": 10, "product": 11, "quantity": 1, "lineitem_total": "739.00"}}, {"model": "checkout.orderlineitem", "pk": 11, "fields": {"order": 11, "product": 11, "quantity": 1, "lineitem_total": "739.00"}}, {"model": "checkout.orderlineitem", "pk": 12, "fields": {"order": 12, "product": 18, "quantity": 1, "lineitem_total": "579.00"}}, {"model": "checkout.orderlineitem", "pk": 13, "fields": {"order": 13, "product": 1, "quantity": 1, "lineitem_total": "798.00"}}, {"model": "checkout.orderlineitem", "pk": 14, "fields": {"order": 14, "product": 10, "quantity": 1, "lineitem_total": "13.00"}}, {"model": "checkout.orderlineitem", "pk": 15, "fields": {"order": 14, "product": 9, "quantity": 1, "lineitem_total": "5.99"}}, {"model": "checkout.orderlineitem", "pk": 16, "fields": {"order": 15, "product": 1, "quantity": 1, "lineitem_total": "798.00"}}, {"model": "checkout.orderlineitem", "pk": 17, "fields": {"order": 16, "product": 1, "quantity": 1, "lineitem_total": "798.00"}}, {"model": "checkout.orderlineitem", "pk": 18, "fields": {"order": 17, "product": 2, "quantity": 1, "lineitem_total": "3199.00"}}, {"model": "checkout.orderlineitem", "pk": 19, "fields": {"order": 18, "product": 7, "quantity": 1, "lineitem_total": "17.49"}}, {"model": "profiles.userprofile", "pk": 1, "fields": {"user": 1, "default_phone_number": "999999999", "default_street_address1": "test2", "default_street_address2": null, "default_town_or_city": "test2", "default_county": null, "default_postcode": "12366", "default_country": "BH"}}, {"model": "profiles.userprofile", "pk": 2, "fields": {"user": 2, "default_phone_number": null, "default_street_address1": null, "default_street_address2": null, "default_town_or_city": null, "default_county": null, "default_postcode": null, "default_country": null}}, {"model": "profiles.userprofile", "pk": 3, "fields": {"user": 3, "default_phone_number": null, "default_street_address1": null, "default_street_address2": null, "default_town_or_city": null, "default_county": null, "default_postcode": null, "default_country": null}}, {"model": "blog.blogpost", "pk": 1, "fields": {"title": "Test Blog", "slug": "test-blog", "author": 1, "category": "blogs", "updated_on": "2021-02-26T04:03:10.631Z", "content": "ffffff", "created_on": "2021-02-26T04:03:10.631Z", "status": 0}}, {"model": "blog.blogimage", "pk": 1, "fields": {"image": "Screenshot_2021-01-29_215803.png", "article_id": 1}}, {"model": "blog.blogcomment", "pk": 1, "fields": {"article_id": 1, "user_id": null, "comment_title": "tt", "blog_comment": "eeeeeeee", "created_on": "2021-02-26T04:11:28.325Z"}}, {"model": "blog.blogcomment", "pk": 2, "fields": {"article_id": 1, "user_id": null, "comment_title": "test", "blog_comment": "test", "created_on": "2021-02-26T16:16:20.430Z"}}]